lambda,alpha,method,repetitions,coverage_mean,coverage_se,coverage_ci_lower,coverage_ci_upper,coverage_simultaneous_lower,coverage_simultaneous_upper,finite_radius_mean,finite_radius_median_mean,infinite_radius_rate_mean,ess_mean,exact_tv_mean,exact_l1_mean,population_logistic_regret_mean,classifier_l1_bound_mean,exact_tv_lower_bound_mean,classifier_lower_bound_mean,coverage_minus_tv_bound_mean
0.0,0.05,estimated_ratio,50,0.95396,0.001371842199528854,0.951203179886578,0.9567168201134221,0.9491766594357657,0.9587433405642344,1.2721047973632813,1.2721047973632813,0.0,499.71633417531984,0.008311606652864035,0.0166304752577744,7.078690604807086e-05,0.19198730867006625,0.9416883933471359,0.7580126913299335,0.012271606652864121
0.0,0.05,estimated_ratio_clipped,50,0.95396,0.001371842199528854,0.951203179886578,0.9567168201134221,0.9491766594357657,0.9587433405642344,1.2721047973632813,1.2721047973632813,0.0,499.71633417531984,0.008311606652864035,0.0166304752577744,7.078690604807094e-05,0.19198730867006758,0.9416883933471359,0.7580126913299324,0.012271606652864121
0.0,0.05,oracle_ratio,50,0.9531620000000001,0.0014044822998572264,0.9503395871492206,0.9559844128507795,0.9482648499057957,0.9580591500942044,1.2708220100402832,1.2708220100402832,0.0,500.0,0.0,0.0,0.0,0.0,0.9500000000000002,0.9500000000000002,0.003162000000000047
0.0,0.05,unweighted,50,0.9531620000000001,0.0014044822998572264,0.9503395871492206,0.9559844128507795,0.9482648499057957,0.9580591500942044,1.2708220100402832,1.2708220100402832,0.0,500.0,0.0,0.0,0.0,0.0,0.9500000000000002,0.9500000000000002,0.003162000000000047
0.0,0.1,estimated_ratio,50,0.902616,0.0021105050367634954,0.8983747813402835,0.9068572186597165,0.8952570892179589,0.9099749107820411,1.1833347582817078,1.1833347582817078,0.0,499.71633417531984,0.008311606652864035,0.0166304752577744,7.078690604807086e-05,0.19198730867006625,0.891688393347136,0.7080126913299337,0.010927606652864059
0.0,0.1,estimated_ratio_clipped,50,0.902616,0.0021105050367634954,0.8983747813402835,0.9068572186597165,0.8952570892179589,0.9099749107820411,1.1833347582817078,1.1833347582817078,0.0,499.71633417531984,0.008311606652864035,0.0166304752577744,7.078690604807094e-05,0.19198730867006758,0.891688393347136,0.7080126913299324,0.010927606652864059
0.0,0.1,oracle_ratio,50,0.90218,0.002039879948448347,0.8980807077688817,0.9062792922311182,0.8950673448367951,0.9092926551632049,1.181655535697937,1.181655535697937,0.0,500.0,0.0,0.0,0.0,0.0,0.9,0.9,0.0021799999999999775
0.0,0.1,unweighted,50,0.90218,0.002039879948448347,0.8980807077688817,0.9062792922311182,0.8950673448367951,0.9092926551632049,1.181655535697937,1.181655535697937,0.0,500.0,0.0,0.0,0.0,0.0,0.9,0.9,0.0021799999999999775
0.0,0.2,estimated_ratio,50,0.8023019999999998,0.0025479747700029184,0.7971816529973719,0.8074223470026278,0.7934177193748765,0.8111862806251232,0.9965443118860722,0.9965209555625916,0.0,499.71633417531984,0.008311606652864035,0.0166304752577744,7.078690604807086e-05,0.19198730867006625,0.7916883933471358,0.6080126913299337,0.010613606652864037
0.0,0.2,estimated_ratio_clipped,50,0.8023019999999998,0.0025479747700029184,0.7971816529973719,0.8074223470026278,0.7934177193748765,0.8111862806251232,0.9965443118860722,0.9965209555625916,0.0,499.71633417531984,0.008311606652864035,0.0166304752577744,7.078690604807094e-05,0.19198730867006758,0.7916883933471358,0.6080126913299325,0.010613606652864037
0.0,0.2,oracle_ratio,50,0.8018,0.0025845648589664146,0.7966061224606666,0.8069938775393333,0.7927881370211277,0.8108118629788722,0.9961002218723297,0.9961002218723297,0.0,500.0,0.0,0.0,0.0,0.0,0.7999999999999998,0.7999999999999998,0.0017999999999999594
0.0,0.2,unweighted,50,0.8018,0.0025845648589664146,0.7966061224606666,0.8069938775393333,0.7927881370211277,0.8108118629788722,0.9961002218723297,0.9961002218723297,0.0,500.0,0.0,0.0,0.0,0.0,0.7999999999999998,0.7999999999999998,0.0017999999999999594
0.5,0.05,estimated_ratio,50,0.9544739999999998,0.002201579785295189,0.9500497597809063,0.9588982402190933,0.9467975297062462,0.9621504702937534,1.292898653668165,1.2923358750343323,0.0,365.8309265216692,0.007112560142430046,0.01619812332505647,5.3375378270125885e-05,0.17560408455572513,0.9428874398575698,0.7743959154442748,0.01158656014243014
0.5,0.05,estimated_ratio_clipped,50,0.9544739999999998,0.002201579785295189,0.9500497597809063,0.9588982402190933,0.9467975297062462,0.9621504702937534,1.292898653668165,1.2923358750343323,0.0,365.8309265216692,0.007112560142430046,0.01619812332505647,5.337537827012601e-05,0.17560408455572585,0.9428874398575698,0.774395915444274,0.01158656014243014
0.5,0.05,oracle_ratio,50,0.953584,0.002290901898860813,0.9489802602733569,0.9581877397266431,0.9455960812836447,0.9615719187163553,1.2929360314068794,1.2927322316169738,0.0,367.0784025340846,8.456776945386936e-18,0.0,0.0,0.0,0.9500000000000002,0.9500000000000002,0.003584000000000043
0.5,0.05,unweighted,50,0.8951059999999998,0.002873084682329558,0.8893323201682151,0.9008796798317846,0.8850881258522391,0.9051238741477606,1.2324744200706481,1.2324744200706481,0.0,500.0,0.2461486533257376,0.4922973066514754,0.0403959609724895,5.68478396933354,0.7038513466742623,-4.734783969333541,0.1912546533257377
0.5,0.1,estimated_ratio,50,0.9058320000000001,0.0032689328471511426,0.8992628334985268,0.9124011665014734,0.8944338821298059,0.9172301178701943,1.241161353441477,1.2417535543441773,0.0,365.8309265216692,0.007112560142430046,0.01619812332505647,5.3375378270125885e-05,0.17560408455572513,0.8928874398575698,0.7243959154442747,0.012944560142430077
0.5,0.1,estimated_ratio_clipped,50,0.9058320000000001,0.0032689328471511426,0.8992628334985268,0.9124011665014734,0.8944338821298059,0.9172301178701943,1.241161353441477,1.2417535543441773,0.0,365.8309265216692,0.007112560142430046,0.01619812332505647,5.337537827012601e-05,0.17560408455572585,0.8928874398575698,0.7243959154442743,0.012944560142430077
0.5,0.1,oracle_ratio,50,0.904802,0.0033493008591194014,0.898071327931818,0.911532672068182,0.8931236548763749,0.9164803451236251,1.2400802748019695,1.2402029156684875,0.0,367.0784025340846,8.456776945386936e-18,0.0,0.0,0.0,0.9,0.9,0.004801999999999973
0.5,0.1,unweighted,50,0.8162579999999999,0.003276538853293648,0.8096735486569292,0.8228424513430707,0.8048333615010296,0.8276826384989703,1.0932881093025208,1.0932881093025208,0.0,500.0,0.2461486533257376,0.4922973066514754,0.0403959609724895,5.68478396933354,0.6538513466742625,-4.7847839693335406,0.16240665332573762
0.5,0.2,estimated_ratio,50,0.8037059999999999,0.003959567498542008,0.7957489512051882,0.8116630487948117,0.7898997766318131,0.8175122233681867,1.0697670230863094,1.0694683825969695,0.0,365.8309265216692,0.007112560142430046,0.01619812332505647,5.3375378270125885e-05,0.17560408455572513,0.7928874398575699,0.6243959154442748,0.010818560142430059
0.5,0.2,estimated_ratio_clipped,50,0.8037059999999999,0.003959567498542008,0.7957489512051882,0.8116630487948117,0.7898997766318131,0.8175122233681867,1.0697670230863094,1.0694683825969695,0.0,365.8309265216692,0.007112560142430046,0.01619812332505647,5.337537827012601e-05,0.17560408455572585,0.7928874398575699,0.6243959154442742,0.010818560142430059
0.5,0.2,oracle_ratio,50,0.803398,0.003991951586553595,0.795375872943843,0.8114201270561568,0.78947885976581,0.8173171402341899,1.0697860389738083,1.0688647663593291,0.0,367.0784025340846,8.456776945386936e-18,0.0,0.0,0.0,0.7999999999999998,0.7999999999999998,0.0033979999999999523
0.5,0.2,unweighted,50,0.670134,0.0039101569570250535,0.6622762454058738,0.6779917545941262,0.6565000613505804,0.6837679386494196,0.9417836701869965,0.9417836701869965,0.0,500.0,0.2461486533257376,0.4922973066514754,0.0403959609724895,5.68478396933354,0.5538513466742624,-4.884783969333541,0.11628265332573762
1.0,0.05,estimated_ratio,50,0.9625819999999998,0.0032340758261023483,0.9560828813048663,0.9690811186951334,0.9513054216208553,0.9738585783791444,1.314894167140007,1.3148378682136537,0.0,175.07375980367928,0.007618061017859406,0.02352512726795364,7.397046936404726e-05,0.21263629863834305,0.9423819389821406,0.7373637013616569,0.020200061017859504
1.0,0.05,estimated_ratio_clipped,50,0.957192,0.0029966073878195474,0.9511700919980394,0.9632139080019607,0.9467434267762251,0.967640573223775,1.306691026624441,1.3056836342811584,0.0,191.04264154318906,0.03168952405150699,0.054580423626153056,0.000470566831477394,0.6123119090978055,0.9183104759484929,0.33768809090219437,0.038881524051507084
1.0,0.05,oracle_ratio,50,0.962672,0.003095189209870369,0.9564519844096149,0.9688920155903851,0.9518796915940927,0.9734643084059073,1.3151897897045612,1.3150561261177063,0.0,175.03424135333253,4.3368086899420185e-18,0.0,0.0,0.0,0.9500000000000002,0.9500000000000002,0.012672000000000048
1.0,0.05,unweighted,50,0.812858,0.0027699526113974865,0.8072915718241142,0.8184244281758858,0.8031997268460942,0.8225162731539057,1.1658602786064147,1.1658602786064147,0.0,500.0,0.46417342872686507,0.9283468574537301,0.14382704582847514,10.726678734015488,0.48582657127313494,-9.776678734015489,0.32703142872686514
1.0,0.1,estimated_ratio,50,0.918214,0.00383666416543947,0.9105039346999517,0.9259240653000482,0.9048363160796526,0.9315916839203473,1.273928877343893,1.2735663223266602,0.0,175.07375980367928,0.007618061017859406,0.02352512726795364,7.397046936404726e-05,0.21263629863834305,0.8923819389821405,0.687363701361657,0.025832061017859433
1.0,0.1,estimated_ratio_clipped,50,0.9079960000000001,0.0043063872447842875,0.8993419908313924,0.9166500091686078,0.8929804852415587,0.9230115147584416,1.2655323618683814,1.2647871708869933,0.0,191.04264154318906,0.03168952405150699,0.054580423626153056,0.000470566831477394,0.6123119090978055,0.8683104759484928,0.2876880909021944,0.03968552405150701
1.0,0.1,oracle_ratio,50,0.918428,0.003618548632267035,0.9111562542742483,0.9256997457257518,0.9058108415087958,0.9310451584912043,1.2740009775915146,1.2730640363693237,0.0,175.03424135333253,4.3368086899420185e-18,0.0,0.0,0.0,0.9,0.9,0.018427999999999972
1.0,0.1,unweighted,50,0.69026,0.004372971716425005,0.6814721843260058,0.6990478156739942,0.675012318448427,0.705507681551573,1.000983211994171,1.000983211994171,0.0,500.0,0.46417342872686507,0.9283468574537301,0.14382704582847514,10.726678734015488,0.43582657127313496,-9.826678734015488,0.2544334287268651
1.0,0.2,estimated_ratio,50,0.81399,0.0054193156055587915,0.803099477556881,0.8248805224431189,0.7950939256735501,0.8328860743264499,1.163760358547926,1.162964904308319,0.0,175.07375980367928,0.007618061017859406,0.02352512726795364,7.397046936404726e-05,0.21263629863834305,0.7923819389821406,0.5873637013616569,0.02160806101785942
1.0,0.2,estimated_ratio_clipped,50,0.794794,0.004943276951619053,0.7848601130477546,0.8047278869522454,0.7775577776625875,0.8120302223374125,1.1327019801256657,1.131111183166504,0.0,191.04264154318906,0.03168952405150699,0.054580423626153056,0.000470566831477394,0.6123119090978055,0.7683104759484931,0.18768809090219446,0.026483524051506998
1.0,0.2,oracle_ratio,50,0.813666,0.005567000152135578,0.8024786943491736,0.8248533056508264,0.7942549790692002,0.8330770209307998,1.1641870581879616,1.1636844277381897,0.0,175.03424135333253,4.3368086899420185e-18,0.0,0.0,0.0,0.7999999999999998,0.7999999999999998,0.013665999999999958
1.0,0.2,unweighted,50,0.47676999999999997,0.005871270244650152,0.46497124070585727,0.4885687592941427,0.4562980498482531,0.4972419501517468,0.8947148144245147,0.8947148144245147,0.0,500.0,0.46417342872686507,0.9283468574537301,0.14382704582847514,10.726678734015488,0.335826571273135,-9.926678734015484,0.14094342872686502
1.5,0.05,estimated_ratio,50,0.96052,0.004270129759534867,0.9519388529759102,0.9691011470240899,0.9456309078723906,0.9754090921276095,1.3286177220897677,1.3239257764816283,0.0,73.17582230660524,0.009262983054684553,0.03706044349663197,8.293975890517232e-05,0.2350744873792288,0.9407370169453153,0.714925512620771,0.019782983054684657
1.5,0.05,estimated_ratio_clipped,50,0.9249579999999998,0.006071132154108742,0.9127576031617638,0.9371583968382359,0.9037891711700151,0.9461268288299846,1.2953814030733108,1.3019644951820373,0.0,124.60375967232592,0.18651578921209752,0.28010516287050274,0.00916419227966759,2.707641256252775,0.7634842107879024,-1.7576412562527752,0.16147378921209757
1.5,0.05,oracle_ratio,50,0.96052,0.004270129759534867,0.9519388529759102,0.9691011470240899,0.9456309078723906,0.9754090921276095,1.3292057632627488,1.325808424949646,0.0,72.8496230342271,4.445228907190568e-18,0.0,0.0,0.0,0.9500000000000002,0.9500000000000002,0.010520000000000038
1.5,0.05,unweighted,50,0.708746,0.004826719179817312,0.6990463446596623,0.7184456553403377,0.6919161914018117,0.7255758085981883,1.0765224623680114,1.0765224623680114,0.0,500.0,0.6374857267977343,1.2749714535954686,0.2722460216819491,14.757940823351989,0.31251427320226566,-13.807940823351991,0.3962317267977344
1.5,0.1,estimated_ratio,50,0.9088040000000001,0.006929318345601816,0.8948790134424933,0.9227289865575068,0.8846428468175174,0.9329651531824827,1.2807944975950718,1.2779909110069274,0.0,73.17582230660524,0.009262983054684553,0.03706044349663197,8.293975890517232e-05,0.2350744873792288,0.8907370169453155,0.6649255126207712,0.018066983054684585
1.5,0.1,estimated_ratio_clipped,50,0.8379039999999999,0.00742912358387514,0.8229746172122716,0.8528333827877281,0.8120001254817318,0.8638078745182679,1.2337551043431758,1.237866096496582,0.0,124.60375967232592,0.18651578921209752,0.28010516287050274,0.00916419227966759,2.707641256252775,0.7134842107879025,-1.8076412562527753,0.12441978921209751
1.5,0.1,oracle_ratio,50,0.9100980000000001,0.006698325401447251,0.8966372111430179,0.9235587888569823,0.8867422732143769,0.9334537267856232,1.2809808642587661,1.2782227993011475,0.0,72.8496230342271,4.445228907190568e-18,0.0,0.0,0.0,0.9,0.9,0.01009799999999998
1.5,0.1,unweighted,50,0.550058,0.004082606300401942,0.5418536954757645,0.5582623045242356,0.5358227648313937,0.5642932351686064,0.9443120813369751,0.9443120813369751,0.0,500.0,0.6374857267977343,1.2749714535954686,0.2722460216819491,14.757940823351989,0.26251427320226567,-13.857940823351992,0.28754372679773427
1.5,0.2,estimated_ratio,50,0.7976619999999999,0.009674875895422987,0.7782196089782593,0.8171043910217405,0.7639276343853512,0.8313963656146486,1.18342426414752,1.180778911113739,0.0,73.17582230660524,0.009262983054684553,0.03706044349663197,8.293975890517232e-05,0.2350744873792288,0.7907370169453154,0.5649255126207712,0.006924983054684573
1.5,0.2,estimated_ratio_clipped,50,0.7151820000000001,0.006322365670654408,0.702476730508177,0.7278872694918231,0.6931371699278894,0.7372268300721108,1.084907440940499,1.0885426127910613,0.0,124.60375967232592,0.18651578921209752,0.28010516287050274,0.00916419227966759,2.707641256252775,0.6134842107879025,-1.9076412562527754,0.10169778921209749
1.5,0.2,oracle_ratio,50,0.7997419999999998,0.010020287620622475,0.7796054781286843,0.8198785218713154,0.7648032524840827,0.834680747515917,1.1852289913010596,1.1828989577293396,0.0,72.8496230342271,4.445228907190568e-18,0.0,0.0,0.0,0.7999999999999998,0.7999999999999998,-0.0002580000000000404
1.5,0.2,unweighted,50,0.316382,0.004206451497887694,0.30792881923365967,0.3248351807663403,0.3017149412900106,0.3310490587099894,0.8458920669555664,0.8458920669555664,0.0,500.0,0.6374857267977343,1.2749714535954686,0.2722460216819491,14.757940823351989,0.16251427320226572,-13.957940823351992,0.1538677267977343
